threshold,tp,fp,fn,tn,precision,recall,f1,specificity,accuracy
0,2,2,0,0,0.5,1.0,0.6666666666666666,0.0,0.5
0.004381461070523951,2,2,0,0,0.5,1.0,0.6666666666666666,0.0,0.5
0.004381461071523951,2,1,0,1,0.6666666666666666,1.0,0.8,0.5,0.75
0.005,2,1,0,1,0.6666666666666666,1.0,0.8,0.5,0.75
0.01,2,1,0,1,0.6666666666666666,1.0,0.8,0.5,0.75
0.02,2,1,0,1,0.6666666666666666,1.0,0.8,0.5,0.75
0.03,2,1,0,1,0.6666666666666666,1.0,0.8,0.5,0.75
0.04,2,1,0,1,0.6666666666666666,1.0,0.8,0.5,0.75
0.05,2,1,0,1,0.6666666666666666,1.0,0.8,0.5,0.75
0.06,2,1,0,1,0.6666666666666666,1.0,0.8,0.5,0.75
0.07,2,1,0,1,0.6666666666666666,1.0,0.8,0.5,0.75
0.08,2,1,0,1,0.6666666666666666,1.0,0.8,0.5,0.75
0.09,2,1,0,1,0.6666666666666666,1.0,0.8,0.5,0.75
0.1,2,1,0,1,0.6666666666666666,1.0,0.8,0.5,0.75
0.11,2,1,0,1,0.6666666666666666,1.0,0.8,0.5,0.75
0.12,2,1,0,1,0.6666666666666666,1.0,0.8,0.5,0.75
0.13,2,1,0,1,0.6666666666666666,1.0,0.8,0.5,0.75
0.14,2,1,0,1,0.6666666666666666,1.0,0.8,0.5,0.75
0.15,2,1,0,1,0.6666666666666666,1.0,0.8,0.5,0.75
0.16,2,1,0,1,0.6666666666666666,1.0,0.8,0.5,0.75
0.17,2,1,0,1,0.6666666666666666,1.0,0.8,0.5,0.75
0.18,2,1,0,1,0.6666666666666666,1.0,0.8,0.5,0.75
0.19,2,1,0,1,0.6666666666666666,1.0,0.8,0.5,0.75
0.2,2,1,0,1,0.6666666666666666,1.0,0.8,0.5,0.75
0.21,2,1,0,1,0.6666666666666666,1.0,0.8,0.5,0.75
0.22,2,1,0,1,0.6666666666666666,1.0,0.8,0.5,0.75
0.23,2,1,0,1,0.6666666666666666,1.0,0.8,0.5,0.75
0.24,2,1,0,1,0.6666666666666666,1.0,0.8,0.5,0.75
0.25,2,1,0,1,0.6666666666666666,1.0,0.8,0.5,0.75
0.26,2,1,0,1,0.6666666666666666,1.0,0.8,0.5,0.75
0.27,2,1,0,1,0.6666666666666666,1.0,0.8,0.5,0.75
0.28,2,1,0,1,0.6666666666666666,1.0,0.8,0.5,0.75
0.29,2,1,0,1,0.6666666666666666,1.0,0.8,0.5,0.75
0.2949,2,1,0,1,0.6666666666666666,1.0,0.8,0.5,0.75
0.29498797241906877,2,1,0,1,0.6666666666666666,1.0,0.8,0.5,0.75
0.29498797242006877,2,0,0,2,1.0,1.0,1.0,1.0,1.0
0.2950,2,0,0,2,1.0,1.0,1.0,1.0,1.0
0.3,2,0,0,2,1.0,1.0,1.0,1.0,1.0
0.31,2,0,0,2,1.0,1.0,1.0,1.0,1.0
0.32,2,0,0,2,1.0,1.0,1.0,1.0,1.0
0.33,2,0,0,2,1.0,1.0,1.0,1.0,1.0
0.34,2,0,0,2,1.0,1.0,1.0,1.0,1.0
0.35,2,0,0,2,1.0,1.0,1.0,1.0,1.0
0.36,2,0,0,2,1.0,1.0,1.0,1.0,1.0
0.37,2,0,0,2,1.0,1.0,1.0,1.0,1.0
0.38,2,0,0,2,1.0,1.0,1.0,1.0,1.0
0.39,2,0,0,2,1.0,1.0,1.0,1.0,1.0
0.4,2,0,0,2,1.0,1.0,1.0,1.0,1.0
0.41,2,0,0,2,1.0,1.0,1.0,1.0,1.0
0.42,2,0,0,2,1.0,1.0,1.0,1.0,1.0
0.43,2,0,0,2,1.0,1.0,1.0,1.0,1.0
0.44,2,0,0,2,1.0,1.0,1.0,1.0,1.0
0.45,2,0,0,2,1.0,1.0,1.0,1.0,1.0
0.46,2,0,0,2,1.0,1.0,1.0,1.0,1.0
0.47,2,0,0,2,1.0,1.0,1.0,1.0,1.0
0.48,2,0,0,2,1.0,1.0,1.0,1.0,1.0
0.49,2,0,0,2,1.0,1.0,1.0,1.0,1.0
0.5,2,0,0,2,1.0,1.0,1.0,1.0,1.0
0.51,2,0,0,2,1.0,1.0,1.0,1.0,1.0
0.52,2,0,0,2,1.0,1.0,1.0,1.0,1.0
0.53,2,0,0,2,1.0,1.0,1.0,1.0,1.0
0.54,2,0,0,2,1.0,1.0,1.0,1.0,1.0
0.55,2,0,0,2,1.0,1.0,1.0,1.0,1.0
0.56,2,0,0,2,1.0,1.0,1.0,1.0,1.0
0.57,2,0,0,2,1.0,1.0,1.0,1.0,1.0
0.58,2,0,0,2,1.0,1.0,1.0,1.0,1.0
0.59,2,0,0,2,1.0,1.0,1.0,1.0,1.0
0.6,2,0,0,2,1.0,1.0,1.0,1.0,1.0
0.61,2,0,0,2,1.0,1.0,1.0,1.0,1.0
0.62,2,0,0,2,1.0,1.0,1.0,1.0,1.0
0.63,2,0,0,2,1.0,1.0,1.0,1.0,1.0
0.64,2,0,0,2,1.0,1.0,1.0,1.0,1.0
0.65,2,0,0,2,1.0,1.0,1.0,1.0,1.0
0.66,2,0,0,2,1.0,1.0,1.0,1.0,1.0
0.67,2,0,0,2,1.0,1.0,1.0,1.0,1.0
0.68,2,0,0,2,1.0,1.0,1.0,1.0,1.0
0.69,2,0,0,2,1.0,1.0,1.0,1.0,1.0
0.7,2,0,0,2,1.0,1.0,1.0,1.0,1.0
0.71,2,0,0,2,1.0,1.0,1.0,1.0,1.0
0.72,2,0,0,2,1.0,1.0,1.0,1.0,1.0
0.73,2,0,0,2,1.0,1.0,1.0,1.0,1.0
0.74,2,0,0,2,1.0,1.0,1.0,1.0,1.0
0.75,2,0,0,2,1.0,1.0,1.0,1.0,1.0
0.76,2,0,0,2,1.0,1.0,1.0,1.0,1.0
0.77,2,0,0,2,1.0,1.0,1.0,1.0,1.0
0.78,2,0,0,2,1.0,1.0,1.0,1.0,1.0
0.79,2,0,0,2,1.0,1.0,1.0,1.0,1.0
0.8,2,0,0,2,1.0,1.0,1.0,1.0,1.0
0.8008,2,0,0,2,1.0,1.0,1.0,1.0,1.0
0.8008885395053242,2,0,0,2,1.0,1.0,1.0,1.0,1.0
0.8008885395063242,1,0,1,2,1.0,0.5,0.6666666666666666,1.0,0.75
0.8009,1,0,1,2,1.0,0.5,0.6666666666666666,1.0,0.75
0.801,1,0,1,2,1.0,0.5,0.6666666666666666,1.0,0.75
0.81,1,0,1,2,1.0,0.5,0.6666666666666666,1.0,0.75
0.82,1,0,1,2,1.0,0.5,0.6666666666666666,1.0,0.75
0.83,1,0,1,2,1.0,0.5,0.6666666666666666,1.0,0.75
0.84,1,0,1,2,1.0,0.5,0.6666666666666666,1.0,0.75
0.85,1,0,1,2,1.0,0.5,0.6666666666666666,1.0,0.75
0.86,1,0,1,2,1.0,0.5,0.6666666666666666,1.0,0.75
0.87,1,0,1,2,1.0,0.5,0.6666666666666666,1.0,0.75
0.88,1,0,1,2,1.0,0.5,0.6666666666666666,1.0,0.75
0.89,1,0,1,2,1.0,0.5,0.6666666666666666,1.0,0.75
0.9,1,0,1,2,1.0,0.5,0.6666666666666666,1.0,0.75
0.91,1,0,1,2,1.0,0.5,0.6666666666666666,1.0,0.75
0.92,1,0,1,2,1.0,0.5,0.6666666666666666,1.0,0.75
0.93,1,0,1,2,1.0,0.5,0.6666666666666666,1.0,0.75
0.94,1,0,1,2,1.0,0.5,0.6666666666666666,1.0,0.75
0.95,1,0,1,2,1.0,0.5,0.6666666666666666,1.0,0.75
0.96,1,0,1,2,1.0,0.5,0.6666666666666666,1.0,0.75
0.97,1,0,1,2,1.0,0.5,0.6666666666666666,1.0,0.75
0.98,1,0,1,2,1.0,0.5,0.6666666666666666,1.0,0.75
0.99,1,0,1,2,1.0,0.5,0.6666666666666666,1.0,0.75
1,1,0,1,2,1.0,0.5,0.6666666666666666,1.0,0.75
